Sepal Length,Sepal Width,Petal Length,Petal Width,Species
5.1,3.5,1.4,0.2,setosa
4.9,3,1.4,0.2,setosa
4.7,3.2,1.3,0.2,setosa
4.6,3.1,1.5,0.2,setosa
5,3.6,1.4,0.2,setosa
5.4,3.9,1.7,0.4,setosa
4.6,3.4,1.4,0.3,setosa
5,3.4,1.5,0.2,setosa
4.4,2.9,1.4,0.2,setosa
4.9,3.1,1.5,0.1,setosa
5.4,3.7,1.5,0.2,setosa
4.8,3.4,1.6,0.2,setosa
4.8,3,1.4,0.1,setosa
4.3,3,1.1,0.1,setosa
5.8,4,1.2,0.2,setosa
5.7,4.4,1.5,0.4,setosa
5.4,3.9,1.3,0.4,setosa
5.1,3.5,1.4,0.3,setosa
5.7,3.8,1.7,0.3,setosa
5.1,3.8,1.5,0.3,setosa
5.4,3.4,1.7,0.2,setosa
5.1,3.7,1.5,0.4,setosa
4.6,3.6,1,0.2,setosa
5.1,3.3,1.7,0.5,setosa
4.8,3.4,1.9,0.2,setosa
5,3,1.6,0.2,setosa
5,3.4,1.6,0.4,setosa
5.2,3.5,1.5,0.2,setosa
5.2,3.4,1.4,0.2,setosa
4.7,3.2,1.6,0.2,setosa
4.8,3.1,1.6,0.2,setosa
5.4,3.4,1.5,0.4,setosa
5.2,4.1,1.5,0.1,setosa
5.5,4.2,1.4,0.2,setosa
4.9,3.1,1.5,0.1,setosa
5,3.2,1.2,0.2,setosa
5.5,3.5,1.3,0.2,setosa
4.9,3.1,1.5,0.1,setosa
4.4,3,1.3,0.2,setosa
5.1,3.4,1.5,0.2,setosa
5,3.5,1.3,0.3,setosa
4.5,2.3,1.3,0.3,setosa
4.4,3.2,1.3,0.2,setosa
5,3.5,1.6,0.6,setosa
5.1,3.8,1.9,0.4,setosa
4.8,3,1.4,0.3,setosa
5.1,3.8,1.6,0.2,setosa
4.6,3.2,1.4,0.2,setosa
5.3,3.7,1.5,0.2,setosa
5,3.3,1.4,0.2,setosa
7,3.2,4.7,1.4,versicolor
6.4,3.2,4.5,1.5,versicolor
6.9,3.1,4.9,1.5,versicolor
5.5,2.3,4,1.3,versicolor
6.5,2.8,4.6,1.5,versicolor
5.7,2.8,4.5,1.3,versicolor
6.3,3.3,4.7,1.6,versicolor
4.9,2.4,3.3,1,versicolor
6.6,2.9,4.6,1.3,versicolor
5.2,2.7,3.9,1.4,versicolor
5,2,3.5,1,versicolor
5.9,3,4.2,1.5,versicolor
6,2.2,4,1,versicolor
6.1,2.9,4.7,1.4,versicolor
5.6,2.9,3.6,1.3,versicolor
6.7,3.1,4.4,1.4,versicolor
5.6,3,4.5,1.5,versicolor
5.8,2.7,4.1,1,versicolor
6.2,2.2,4.5,1.5,versicolor
5.6,2.5,3.9,1.1,versicolor
5.9,3.2,4.8,1.8,versicolor
6.1,2.8,4,1.3,versicolor
6.3,2.5,4.9,1.5,versicolor
6.1,2.8,4.7,1.2,versicolor
6.4,2.9,4.3,1.3,versicolor
6.6,3,4.4,1.4,versicolor
6.8,2.8,4.8,1.4,versicolor
6.7,3,5,1.7,versicolor
6,2.9,4.5,1.5,versicolor
5.7,2.6,3.5,1,versicolor
5.5,2.4,3.8,1.1,versicolor
5.5,2.4,3.7,1,versicolor
5.8,2.7,3.9,1.2,versicolor
6,2.7,5.1,1.6,versicolor
5.4,3,4.5,1.5,versicolor
6,3.4,4.5,1.6,versicolor
6.7,3.1,4.7,1.5,versicolor
6.3,2.3,4.4,1.3,versicolor
5.6,3,4.1,1.3,versicolor
5.5,2.5,4,1.3,versicolor
5.5,2.6,4.4,1.2,versicolor
6.1,3,4.6,1.4,versicolor
5.8,2.6,4,1.2,versicolor
5,2.3,3.3,1,versicolor
5.6,2.7,4.2,1.3,versicolor
5.7,3,4.2,1.2,versicolor
5.7,2.9,4.2,1.3,versicolor
6.2,2.9,4.3,1.3,versicolor
5.1,2.5,3,1.1,versicolor
5.7,2.8,4.1,1.3,versicolor
6.3,3.3,6,2.5,virginica
5.8,2.7,5.1,1.9,virginica
7.1,3,5.9,2.1,virginica
6.3,2.9,5.6,1.8,virginica
6.5,3,5.8,2.2,virginica
7.6,3,6.6,2.1,virginica
4.9,2.5,4.5,1.7,virginica
7.3,2.9,6.3,1.8,virginica
6.7,2.5,5.8,1.8,virginica
7.2,3.6,6.1,2.5,virginica
6.5,3.2,5.1,2,virginica
6.4,2.7,5.3,1.9,virginica
6.8,3,5.5,2.1,virginica
5.7,2.5,5,2,virginica
5.8,2.8,5.1,2.4,virginica
6.4,3.2,5.3,2.3,virginica
6.5,3,5.5,1.8,virginica
7.7,3.8,6.7,2.2,virginica
7.7,2.6,6.9,2.3,virginica
6,2.2,5,1.5,virginica
6.9,3.2,5.7,2.3,virginica
5.6,2.8,4.9,2,virginica
7.7,2.8,6.7,2,virginica
6.3,2.7,4.9,1.8,virginica
6.7,3.3,5.7,2.1,virginica
7.2,3.2,6,1.8,virginica
6.2,2.8,4.8,1.8,virginica
6.1,3,4.9,1.8,virginica
6.4,2.8,5.6,2.1,virginica
7.2,3,5.8,1.6,virginica
7.4,2.8,6.1,1.9,virginica
7.9,3.8,6.4,2,virginica
6.4,2.8,5.6,2.2,virginica
6.3,2.8,5.1,1.5,virginica
6.1,2.6,5.6,1.4,virginica
7.7,3,6.1,2.3,virginica
6.3,3.4,5.6,2.4,virginica
6.4,3.1,5.5,1.8,virginica
6,3,4.8,1.8,virginica
6.9,3.1,5.4,2.1,virginica
6.7,3.1,5.6,2.4,virginica
6.9,3.1,5.1,2.3,virginica
5.8,2.7,5.1,1.9,virginica
6.8,3.2,5.9,2.3,virginica
6.7,3.3,5.7,2.5,virginica
6.7,3,5.2,2.3,virginica
6.3,2.5,5,1.9,virginica
6.5,3,5.2,2,virginica
6.2,3.4,5.4,2.3,virginica
5.9,3,5.1,1.8,virginica
5.108144602,3.590268779,1.406662573,0.209703514,setosa
5.068408628,3.148722571,1.440166418,0.20559768,setosa
4.862811568,3.255880923,1.316395029,0.203740937,setosa
4.642567661,3.231822314,1.548241837,0.203191213,setosa
5.075326726,3.662354205,1.42282256,0.202164253,setosa
5.595518574,3.903590182,1.702345889,0.405162801,setosa
4.693061656,3.56048664,1.443323541,0.307561367,setosa
5.222595942,3.513953927,1.529754008,0.203994523,setosa
4.45119161,2.965441282,1.443194233,0.203621948,setosa
4.979965367,3.205427521,1.517629814,0.103883424,setosa
5.409080122,3.791083631,1.539095226,0.206008383,setosa
4.810568337,3.515003806,1.60390737,0.208898946,setosa
5.007783405,3.132209848,1.430154641,0.104536988,setosa
4.463962713,3.131327505,1.136346145,0.101555409,setosa
5.90003479,4.188247507,1.206309235,0.209279912,setosa
5.703599438,4.454271701,1.57120539,0.406397223,setosa
5.553327979,3.973044714,1.302781405,0.409204509,setosa
5.121856509,3.672712801,1.459760784,0.309738784,setosa
5.847587177,3.802594896,1.728912543,0.312008386,setosa
5.22806604,3.897211557,1.501916844,0.303235822,setosa
5.619268904,3.555497063,1.731290919,0.206009771,setosa
5.203860717,3.750774099,1.547240404,0.403696276,setosa
4.661549328,3.66617316,1.034623851,0.200280467,setosa
5.267752567,3.462963211,1.783228327,0.512753823,setosa
4.901564502,3.453618977,1.97705924,0.205144949,setosa
5.016385363,3.134087986,1.631898973,0.202090201,setosa
5.249483197,3.55457324,1.679865945,0.415086797,setosa
5.351606194,3.647659463,1.564527289,0.208447249,setosa
5.266116817,3.509979698,1.456222575,0.202385341,setosa
4.900769097,3.304146606,1.668813827,0.209688097,setosa
5.014024199,3.140284377,1.654512499,0.203020152,setosa
5.481602837,3.474621655,1.511115894,0.416011621,setosa
5.38660276,4.258205161,1.529709858,0.103091226,setosa
5.774353175,4.223404233,1.452450575,0.200270373,setosa
5.08232551,3.233241151,1.540693812,0.104652014,setosa
5.174494311,3.207334963,1.226432397,0.207542505,setosa
5.694074168,3.522603359,1.346270109,0.202688332,setosa
5.0034948,3.235519834,1.569216022,0.104093665,setosa
4.617300429,3.105006014,1.319832306,0.207201458,setosa
5.294700499,3.54499433,1.546431598,0.20274289,setosa
5.000928333,3.618989944,1.360255672,0.305697134,setosa
4.570851199,2.390553671,1.33216295,0.311784501,setosa
4.601761697,3.205905089,1.343747781,0.201644514,setosa
5.072047052,3.588851967,1.646698176,0.62988533,setosa
5.27139576,3.85710856,1.911660854,0.413961873,setosa
4.84532186,3.122941562,1.442362294,0.309617051,setosa
5.307837917,3.956521873,1.659564166,0.204572506,setosa
4.799878387,3.202955117,1.44200525,0.205479635,setosa
5.501632539,3.846018967,1.563391939,0.201744127,setosa
5.029585509,3.373997101,1.442593605,0.200941485,setosa
7.295359779,3.201075969,4.760074067,1.455724473,versicolor
6.51357016,3.320082227,4.501917514,1.568150335,versicolor
6.993321983,3.220453185,4.968729617,1.521534584,versicolor
5.525656109,2.353007766,4.014915538,1.34152276,versicolor
6.818824124,2.882020107,4.812026927,1.557081783,versicolor
5.950942036,2.882016777,4.654848385,1.311131795,versicolor
6.344098504,3.317272948,4.774761489,1.64842449,versicolor
5.126081948,2.504121717,3.416521311,1.035049777,versicolor
6.827192065,2.984806862,4.661606428,1.352378171,versicolor
5.239017325,2.70212805,3.904491817,1.430637265,versicolor
5.154918286,2.002126588,3.511121384,1.017170517,versicolor
6.149078367,3.061515385,4.374013596,1.518537185,versicolor
6.178166958,2.288401995,4.180430423,1.012362417,versicolor
6.23339534,2.978487066,4.752050317,1.43301094,versicolor
5.780947813,3.038600998,3.744048853,1.343990673,versicolor
6.989329485,3.148891725,4.41189788,1.424044806,versicolor
5.795336922,3.098079983,4.687817719,1.518456792,versicolor
5.819346256,2.751607493,4.214982559,1.035861883,versicolor
6.262713098,2.200300563,4.510378547,1.516752086,versicolor
5.835518776,2.504048491,3.957171461,1.133036948,versicolor
6.020609249,3.276354088,5.020972831,1.854333355,versicolor
6.157252653,2.904546849,4.034551953,1.357523628,versicolor
6.485521215,2.543818758,5.136051099,1.536619275,versicolor
6.216903937,2.872531849,4.7753262,1.212325782,versicolor
6.635656536,2.995366353,4.401707643,1.307920666,versicolor
6.91778547,3.104925929,4.41355929,1.435725563,versicolor
6.972655743,2.859255944,4.803799278,1.447667079,versicolor
7.002344422,3.130011337,5.121730589,1.723441895,versicolor
6.214641341,3.023738311,4.530407278,1.534141059,versicolor
5.94771431,2.646737172,3.504357023,1.03637243,versicolor
5.63312146,2.441008212,3.874428522,1.12103523,versicolor
5.593078873,2.437408543,3.845931819,1.010942062,versicolor
5.930813662,2.73829241,4.078084147,1.215574699,versicolor
6.158976502,2.777232567,5.288070052,1.639173337,versicolor
5.461576882,3.002009719,4.678726742,1.532626298,versicolor
6.154881988,3.490326373,4.594278988,1.63075255,versicolor
6.857867557,3.150002227,4.797982326,1.50289832,versicolor
6.532039794,2.38009173,4.40990762,1.332273238,versicolor
5.725830929,3.109673334,4.282461761,1.330209218,versicolor
5.662741651,2.51993864,4.150085972,1.311892246,versicolor
5.510506792,2.656879726,4.456295636,1.217981008,versicolor
6.222822316,3.013485788,4.639282458,1.440059806,versicolor
5.97459576,2.728314061,4.169027346,1.217948339,versicolor
5.013825672,2.338989053,3.444609892,1.028369553,versicolor
5.756473365,2.769470349,4.210621207,1.360435738,versicolor
5.867156509,3.054895997,4.291405907,1.257655986,versicolor
5.852542714,3.01306193,4.202691514,1.305491602,versicolor
6.49453535,2.940781588,4.38395012,1.363357747,versicolor
5.120265753,2.590121551,3.132207048,1.113611304,versicolor
5.898148153,2.845800657,4.126120709,1.33798792,versicolor
6.581537034,3.450216662,6.086737997,2.590525875,virginica
5.987995364,2.804160544,5.278000547,1.964175794,virginica
7.326249432,3.053111672,6.079802651,2.112166209,virginica
6.349572177,3.010438229,5.685910581,1.847244919,virginica
6.721601349,3.099476484,5.877820367,2.270214607,virginica
7.637669949,3.117186469,6.864017574,2.156104868,virginica
5.11723528,2.530336678,4.658268775,1.739738591,virginica
7.539015255,2.952022446,6.534794145,1.851390221,virginica
6.708847582,2.573842356,6.048684508,1.803673816,virginica
7.238271684,3.651141063,6.25999307,2.623520894,virginica
6.500303845,3.262889571,5.215212601,2.047780931,virginica
6.648493404,2.784941434,5.443987156,1.940818435,virginica
7.132561659,3.052900538,5.716114252,2.125268721,virginica
5.89353652,2.551489282,5.155307017,2.029219158,virginica
6.039200805,2.921845056,5.263708432,2.427954749,virginica
6.423876914,3.201397761,5.30202989,2.350580313,virginica
6.750277025,3.029698211,5.67935612,1.845677868,virginica
7.962502594,3.87863279,6.934109664,2.251489386,virginica
7.806767569,2.698142962,7.084461398,2.324431957,virginica
6.210124518,2.308639548,5.18692949,1.541205306,virginica
7.213538111,3.295395113,5.894544311,2.316102775,virginica
5.708722222,2.890057715,5.086215143,2.077834478,virginica
7.829141083,2.867612736,6.78199395,2.098023335,virginica
6.326150839,2.772410145,5.124238299,1.886735348,virginica
7.023371478,3.350280065,5.968401972,2.126156499,virginica
7.457717877,3.343708523,6.066032827,1.881538274,virginica
6.463176623,2.91431466,4.892334483,1.855377159,virginica
6.127434587,3.090756451,4.982983608,1.860167845,virginica
6.675275254,2.881327284,5.689678709,2.172664632,virginica
7.479576362,3.031472246,6.033209892,1.678795725,virginica
7.537455392,2.901251498,6.101196246,1.969393636,virginica
7.920693769,3.938041767,6.565632351,2.05716984,virginica
6.675634141,2.883355731,5.772440857,2.263181759,virginica
6.361001907,2.816131983,5.321827511,1.54613795,virginica
6.350738419,2.728493515,5.712606665,1.462308117,virginica
7.715432358,3.131512736,6.340509055,2.369332387,virginica
6.36210474,3.484847885,5.858589597,2.428974377,virginica
6.567241261,3.247272264,5.657295067,1.858244896,virginica
6.007139058,3.138041043,4.852453015,1.85691735,virginica
6.95487383,3.144385081,5.536980643,2.179313578,virginica
6.926008241,3.249323639,5.753936717,2.465000027,virginica
7.218034453,3.191771614,5.34969189,2.389266925,virginica
5.975954123,2.833476622,5.199033365,1.933741822,virginica
6.937835039,3.298716926,6.070996898,2.410275651,virginica
6.951889186,3.415494811,5.871708725,2.529219491,virginica
7.010983703,3.020931287,5.36964181,2.312011662,virginica
6.30229273,2.586695914,5.183967924,1.91969077,virginica
6.767282597,3.012030134,5.424712619,2.029835765,virginica
6.318348797,3.498184302,5.501582039,2.318854748,virginica
6.020017593,3.117011779,5.192450537,1.874332288,virginica
5.243912102,3.514209981,1.402323854,0.206057627,setosa
5.023224129,3.074443858,1.445959482,0.202843699,setosa
4.739007677,3.32127656,1.317935002,0.20409865,setosa
4.750232553,3.208357644,1.518692215,0.206522638,setosa
5.112838384,3.620186777,1.454741449,0.203943246,setosa
5.40823206,3.978511376,1.761544847,0.414662392,setosa
4.631390291,3.490862363,1.437884139,0.301705851,setosa
5.061621888,3.420961021,1.552467349,0.201935353,setosa
4.417465006,2.99030413,1.439285839,0.207722449,setosa
4.994703067,3.163414825,1.546066534,0.102140488,setosa
5.539104591,3.842403085,1.548639276,0.205201382,setosa
4.907063672,3.485633154,1.603740022,0.201034602,setosa
4.860385506,3.119141517,1.453291188,0.100613945,setosa
4.403109104,3.074555844,1.143377905,0.101427373,setosa
5.978359855,4.083560444,1.212278574,0.203669693,setosa
5.749609275,4.419199179,1.532840624,0.410784957,setosa
5.432980472,4.017622231,1.306965007,0.410561961,setosa
5.156103632,3.522567156,1.416649022,0.30040351,setosa
5.802755944,3.857540117,1.766929671,0.307529204,setosa
5.14835413,3.812681112,1.533678709,0.310256809,setosa
5.519900581,3.509082118,1.726112433,0.204303315,setosa
5.113909374,3.824108308,1.548231991,0.415749741,setosa
4.710201233,3.629107029,1.014045562,0.205983037,setosa
5.127975094,3.431035966,1.733027856,0.506160521,setosa
4.864387025,3.491759945,1.937532938,0.202846533,setosa
5.137176897,3.033944393,1.617727577,0.204507876,setosa
5.038492122,3.449909194,1.62020281,0.406330492,setosa
5.396814403,3.509561832,1.558430143,0.202015569,setosa
5.319447196,3.409723216,1.419945975,0.201893644,setosa
4.868558402,3.276113845,1.610559101,0.204306674,setosa
4.836796192,3.146487013,1.603692911,0.207200264,setosa
5.493956531,3.425649679,1.527458801,0.412149277,setosa
5.32263831,4.222052811,1.514383673,0.102315455,setosa
5.55090734,4.32789554,1.443201098,0.20483175,setosa
5.054516495,3.173337378,1.538995917,0.100771826,setosa
5.047478628,3.28311526,1.217255412,0.205923674,setosa
5.557513725,3.594680784,1.303552721,0.201578848,setosa
4.987141821,3.179238057,1.559595541,0.100032393,setosa
4.531166119,3.051579122,1.327695689,0.207746229,setosa
5.237762223,3.451937113,1.545497554,0.203221039,setosa
5.087963836,3.594569833,1.314826872,0.305930488,setosa
4.647834699,2.321780359,1.31375989,0.311738822,setosa
4.480793027,3.270919333,1.331615151,0.201752341,setosa
5.085713426,3.523676232,1.606337813,0.618445854,setosa
5.18332931,3.931334785,1.975520477,0.403930411,setosa
4.943394911,3.001247449,1.417060407,0.302163279,setosa
5.237732542,3.944853757,1.630680374,0.201684767,setosa
4.687067824,3.258425435,1.455672584,0.206326022,setosa
5.341121033,3.724061936,1.554952742,0.200474183,setosa
5.065968005,3.375267286,1.411841497,0.207311034,setosa
7.11745189,3.307057007,4.761565103,1.418647857,versicolor
6.548299683,3.260643546,4.532790847,1.518981267,versicolor
6.935431054,3.219826013,5.022469701,1.549086491,versicolor
5.687408469,2.327207848,4.103849577,1.332663823,versicolor
6.571978788,2.808021656,4.712293008,1.551037821,versicolor
5.757468827,2.873452176,4.50882425,1.33495639,versicolor
6.366373218,3.421852329,4.739339115,1.616741009,versicolor
4.93361867,2.471696733,3.4236186,1.024899047,versicolor
6.745139686,2.960043297,4.729643713,1.349113809,versicolor
5.22282167,2.782856342,4.019834417,1.422535974,versicolor
5.091570237,2.06142324,3.595451538,1.005468518,versicolor
6.105119816,3.018093887,4.207588388,1.548950978,versicolor
6.160948146,2.230233969,4.062548804,1.021404227,versicolor
6.218117612,2.951644328,4.815819032,1.429323613,versicolor
5.788131023,2.967378212,3.701712574,1.307806634,versicolor
6.864620993,3.203368751,4.432234158,1.451182054,versicolor
5.659145581,3.045047586,4.676546969,1.548607656,versicolor
5.910092848,2.770243003,4.226580709,1.015560913,versicolor
6.399499784,2.249600914,4.641487166,1.554499877,versicolor
5.808943107,2.506066793,3.904840021,1.140281475,versicolor
5.95182984,3.210159996,4.944550576,1.808919151,versicolor
6.297230046,2.880714145,4.133268598,1.321031361,versicolor
6.377477259,2.567227002,5.012729317,1.545317633,versicolor
6.332422418,2.823929171,4.794101474,1.200588664,versicolor
6.567543087,2.9828122,4.369882613,1.322218644,versicolor
6.743625638,3.023261988,4.40197308,1.417441558,versicolor
6.806685161,2.866066031,4.872278865,1.419632137,versicolor
6.752877154,3.110672438,5.16561651,1.755083552,versicolor
6.176237695,2.900539906,4.665922389,1.507272611,versicolor
5.840586075,2.693065623,3.59080782,1.015196694,versicolor
5.583540755,2.452469984,3.951994151,1.136669789,versicolor
5.516468117,2.434851772,3.791783902,1.032697605,versicolor
5.867447553,2.742571235,3.967778666,1.210843778,versicolor
6.214424914,2.771008897,5.185387508,1.660809133,versicolor
5.521575897,3.116961034,4.589510637,1.500668987,versicolor
6.171200005,3.516715144,4.60611133,1.64885838,versicolor
6.8828762,3.199844205,4.706276565,1.505704782,versicolor
6.549224572,2.304297875,4.401664813,1.305708059,versicolor
5.659623185,3.037841093,4.1310707,1.344390986,versicolor
5.529014729,2.545519267,4.105373582,1.309022301,versicolor
5.546573422,2.630289547,4.494116377,1.200582631,versicolor
6.202518045,3.067517245,4.772070662,1.427042056,versicolor
5.965166022,2.600238047,4.11051475,1.235752249,versicolor
5.054078639,2.3683444,3.428838857,1.000698687,versicolor
5.769436863,2.803548968,4.276594876,1.342646666,versicolor
5.857391365,3.093039691,4.323431599,1.239209194,versicolor
5.831293503,2.972080084,4.331827545,1.332754376,versicolor
6.294010984,2.91416559,4.390113702,1.33114325,versicolor
5.119033143,2.550788232,3.014829883,1.140202889,versicolor
5.85479873,2.811058971,4.254961845,1.350394219,versicolor
6.535581016,3.34316613,6.200828276,2.527175754,virginica
5.832963426,2.766491292,5.224298958,1.91757667,virginica
7.251476366,3.049607699,5.944393126,2.150814898,virginica
6.380581164,2.974047504,5.679272259,1.857919444,virginica
6.651946054,3.08175764,5.891143885,2.24442488,virginica
7.639186259,3.019141049,6.797125883,2.137254074,virginica
5.063358222,2.562511132,4.577329629,1.727323982,virginica
7.451127933,2.921109525,6.406802641,1.839426415,virginica
6.722477256,2.590209944,5.969348436,1.803729125,virginica
7.451791899,3.67055162,6.326876822,2.50033994,virginica
6.655173699,3.276723695,5.29516897,2.005318226,virginica
6.423038073,2.70296091,5.397992104,1.95637597,virginica
6.887534257,3.093272512,5.673610423,2.128427573,virginica
5.897990062,2.554642136,5.123107915,2.034037982,virginica
5.985399539,2.858849721,5.221637965,2.41203082,virginica
6.653257157,3.326321287,5.386808826,2.361744942,virginica
6.6258028,3.020420725,5.605057591,1.805594642,virginica
7.803517423,3.800836667,6.772334087,2.281993876,virginica
7.981598787,2.638757101,6.941046089,2.370655172,virginica
6.156213118,2.251241085,5.166569281,1.535752977,virginica
7.004271233,3.267761289,5.768880434,2.318934722,virginica
5.710401381,2.869649478,5.017584316,2.002035674,virginica
7.7356536,2.808398697,6.88011989,2.06390391,virginica
6.354210083,2.797060995,4.992296785,1.86764545,virginica
6.763934244,3.315191141,5.803795084,2.111680437,virginica
7.444529974,3.309217674,6.025924936,1.805853195,virginica
6.349652333,2.863211239,4.808986909,1.864879683,virginica
6.339190793,3.076890774,4.915758547,1.859552453,virginica
6.484819473,2.818437833,5.819260989,2.13656514,virginica
7.282254433,3.017352917,5.893496313,1.605605352,virginica
7.509536623,2.859680137,6.20086109,1.966135346,virginica
8.046728669,3.862070614,6.581265455,2.011917751,virginica
6.467635404,2.903861551,5.727927899,2.204412422,virginica
6.463220144,2.829461386,5.223749275,1.546100385,virginica
6.118526969,2.69587091,5.725319749,1.439147503,virginica
7.917026645,3.048222357,6.297492362,2.325659357,virginica
6.38760463,3.448748775,5.716056342,2.453432593,virginica
6.522084913,3.197860764,5.707176491,1.854593778,virginica
6.22901489,3.082978924,4.866187537,1.855641041,virginica
7.12186665,3.219819789,5.428491511,2.154747786,virginica
6.737497268,3.139471254,5.689226281,2.421703011,virginica
7.030970965,3.173760106,5.126662767,2.374929546,virginica
6.018156359,2.719842987,5.229953428,1.934172387,virginica
6.825313151,3.223501075,5.986846488,2.325430891,virginica
6.957007023,3.348568349,5.875582287,2.534131271,virginica
6.76524525,3.018911447,5.398777662,2.370492672,virginica
6.376614589,2.505210745,5.191720506,1.949156588,virginica
6.60575389,3.103336742,5.296202866,2.044730503,virginica
6.309060937,3.415282518,5.575268335,2.322133237,virginica
6.120510271,3.073851329,5.166746481,1.838224223,virginica
5.213603729,3.562618133,1.403951049,0.200589267,setosa
4.905457035,3.07139233,1.429444848,0.202389579,setosa
4.778211745,3.281937509,1.322977456,0.20243663,setosa
4.678508891,3.139751013,1.500170239,0.202189721,setosa
5.063017036,3.615848819,1.417917461,0.205465776,setosa
5.525634525,3.97142917,1.750389297,0.407309387,setosa
4.646251905,3.482135151,1.422596411,0.300049558,setosa
5.04357861,3.445717173,1.502607978,0.202327859,setosa
4.469871776,2.96762924,1.422763746,0.200803247,setosa
5.045845186,3.105464677,1.513185322,0.102503884,setosa
5.415303407,3.8062001,1.523773737,0.20418346,setosa
4.920726312,3.493174874,1.623524697,0.202774048,setosa
4.924741528,3.06811281,1.434966423,0.101579799,setosa
4.42201253,3.021850248,1.118446936,0.100393984,setosa
5.971226031,4.076980089,1.214045212,0.204939761,setosa
5.832793938,4.523048454,1.509124512,0.407025362,setosa
5.543324154,3.901986473,1.337293346,0.40529125,setosa
5.200775112,3.596563982,1.406820703,0.30107113,setosa
5.708837452,3.887836859,1.714262626,0.306709974,setosa
5.14339217,3.860977914,1.518232087,0.302366627,setosa
5.517905595,3.405717704,1.737562421,0.203330862,setosa
5.142469552,3.734683863,1.542839905,0.409390204,setosa
4.642906424,3.677600405,1.024555393,0.20497009,setosa
5.164340138,3.317361704,1.726900658,0.506513011,setosa
4.871490701,3.499595723,1.940875916,0.200360118,setosa
5.099768649,3.035759612,1.618222946,0.204211676,setosa
5.003342359,3.404767466,1.611689462,0.411087682,setosa
5.2865799,3.590304412,1.530779819,0.204414551,setosa
5.214811833,3.470602273,1.404313587,0.205230417,setosa
4.775143645,3.214658801,1.640184905,0.20126226,setosa
4.846109889,3.190190427,1.624690536,0.205987239,setosa
5.452547167,3.481825941,1.534464823,0.411609472,setosa
5.293085497,4.151750344,1.511018526,0.102830174,setosa
5.542327715,4.276634007,1.417068642,0.202572198,setosa
4.969162123,3.183683537,1.516777399,0.102356516,setosa
5.098839174,3.251988217,1.225711121,0.20208762,setosa
5.548986473,3.599286723,1.332350322,0.204115365,setosa
4.9555194,3.14054703,1.502922322,0.102975687,setosa
4.481846484,3.064234703,1.325148727,0.201060614,setosa
5.139705235,3.488961764,1.537518732,0.202797066,setosa
5.081393396,3.532371021,1.338250777,0.304873652,setosa
4.560641476,2.3528813,1.338340456,0.301122275,setosa
4.51382129,3.26602191,1.315220744,0.200641029,setosa
5.070350355,3.5297737,1.602145076,0.601849517,setosa
5.150208141,3.805574771,1.926960732,0.405978259,setosa
4.93222314,3.001179026,1.436511356,0.307049764,setosa
5.110844227,3.833892245,1.647929242,0.204403105,setosa
4.649783806,3.21525213,1.422513738,0.204042017,setosa
5.350841155,3.759046506,1.522376887,0.205055492,setosa
5.031362912,3.363925234,1.430395879,0.204686228,setosa
7.165040476,3.258007768,4.774281474,1.404216549,versicolor
6.434764642,3.244060956,4.599751144,1.541506285,versicolor
7.050558704,3.135839544,5.038808609,1.542676515,versicolor
5.520389947,2.358351656,4.071649086,1.303586908,versicolor
6.591323357,2.852939507,4.699641863,1.517576377,versicolor
5.72701354,2.856546308,4.556315474,1.302254072,versicolor
6.457408245,3.3604031,4.745247584,1.639256341,versicolor
4.932686843,2.40026866,3.384867665,1.007655313,versicolor
6.660510259,2.950573927,4.634776285,1.304821934,versicolor
5.273811233,2.700563587,3.963707656,1.435399596,versicolor
5.122539999,2.018810508,3.518695037,1.02461426,versicolor
5.917620504,3.08103763,4.227421668,1.526008642,versicolor
6.081536294,2.260860721,4.056520416,1.028090277,versicolor
6.105811175,2.906759243,4.732271967,1.401424089,versicolor
5.635425333,2.910199098,3.658000586,1.319708039,versicolor
6.72006951,3.176404995,4.498097594,1.434479325,versicolor
5.705317168,3.078971398,4.600683461,1.533599626,versicolor
5.824894537,2.726077664,4.105860809,1.005121622,versicolor
6.35987465,2.25047533,4.512598071,1.531394932,versicolor
5.76477777,2.563386145,3.948647223,1.12203022,versicolor
5.995297569,3.284516598,4.86270059,1.825848625,versicolor
6.15678688,2.865008167,4.089943433,1.312940097,versicolor
6.449920872,2.540803121,4.93586909,1.527368048,versicolor
6.124840275,2.825713129,4.771155107,1.212280589,versicolor
6.481433105,2.952152076,4.35178441,1.325380474,versicolor
6.705985289,3.016983708,4.467490433,1.425275244,versicolor
6.882817387,2.818392703,4.889982657,1.406447427,versicolor
6.867768158,3.043232523,5.126051354,1.710897257,versicolor
6.122615144,2.919996207,4.565377499,1.513650061,versicolor
5.744701629,2.642802739,3.554088871,1.009711893,versicolor
5.592629369,2.444904296,3.83215227,1.103338335,versicolor
5.618805984,2.449502212,3.750012218,1.004987318,versicolor
5.95537547,2.780657086,3.97418392,1.208002258,versicolor
6.048926016,2.754196941,5.164747326,1.615001932,versicolor
5.508397771,3.059303706,4.576070055,1.507514184,versicolor
6.025256944,3.42634297,4.584523644,1.607194339,versicolor
6.740828034,3.109068256,4.818258681,1.509991001,versicolor
6.430753619,2.33841701,4.430673251,1.31355871,versicolor
5.696194538,3.052529966,4.148945032,1.309876853,versicolor
5.566927508,2.561329494,4.012502383,1.316659541,versicolor
5.570219354,2.658687945,4.482571524,1.223682582,versicolor
6.274062649,3.051616476,4.698787185,1.423772689,versicolor
5.810184493,2.603888526,4.097997348,1.217194004,versicolor
5.124690352,2.30719696,3.357281058,1.018240833,versicolor
5.709560574,2.776129353,4.283211923,1.304619677,versicolor
5.792471472,3.009192825,4.244459738,1.221631658,versicolor
5.776557679,2.911246261,4.294020595,1.323181208,versicolor
6.332971902,2.923552324,4.418260449,1.323015427,versicolor
5.248102324,2.562380251,3.062753143,1.132131844,versicolor
5.844131556,2.8069489,4.180385561,1.324918454,versicolor
6.335771019,3.39696441,6.049800118,2.52708149,virginica
5.876937113,2.759660858,5.238649517,1.903443715,virginica
7.218705895,3.045044148,5.993615977,2.136276317,virginica
6.354058313,2.9210073,5.704436465,1.82122276,virginica
6.500493273,3.004911489,5.828518649,2.257816141,virginica
7.69764342,3.014295165,6.626046435,2.108871833,virginica
4.934031985,2.565404044,4.588133829,1.739993844,virginica
7.468855128,2.941512247,6.36117701,1.808102107,virginica
6.849650121,2.516537015,5.918032152,1.813201705,virginica
7.245410033,3.696791924,6.10052447,2.526840027,virginica
6.660549777,3.21504903,5.216039525,2.044120654,virginica
6.405200265,2.717034511,5.394318051,1.955990122,virginica
6.843051625,3.07284536,5.54270813,2.115811404,virginica
5.705727064,2.509925293,5.134305989,2.040326322,virginica
5.966703645,2.832473115,5.231528515,2.469590239,virginica
6.498550683,3.217417075,5.302289548,2.343505145,virginica
6.586511301,3.024781998,5.57887657,1.802180086,virginica
7.862693637,3.817780505,6.898238478,2.218574347,virginica
7.730129244,2.612535849,7.024872644,2.349994588,virginica
6.019393229,2.221611574,5.011865261,1.503128089,virginica
7.086177947,3.2307777,5.842640827,2.332158395,virginica
5.671039643,2.805918667,4.929717676,2.038104574,virginica
7.768159782,2.802922759,6.887032723,2.045625538,virginica
6.36642301,2.760565112,4.979996873,1.841272372,virginica
6.787018324,3.397736076,5.841501935,2.103553466,virginica
7.23396775,3.261741663,6.092175641,1.822503787,virginica
6.382902419,2.855082154,4.833578607,1.817222651,virginica
6.191726736,3.079152918,4.981392032,1.852609561,virginica
6.463679743,2.84170805,5.697012803,2.126338803,virginica
7.229813084,3.066642964,5.876503384,1.612278105,virginica
7.480529501,2.861730152,6.190576083,1.907283903,virginica
7.950979636,3.885182241,6.51264546,2.008635971,virginica
6.54895582,2.838363431,5.69001581,2.225444937,virginica
6.393561538,2.879469332,5.176603175,1.515034449,virginica
6.172515252,2.667328023,5.684001068,1.43249688,virginica
7.715049531,3.00399847,6.197588887,2.333231178,virginica
6.321847409,3.447677062,5.728447682,2.403507536,virginica
6.524604772,3.181395543,5.624701102,1.830892584,virginica
6.118276107,3.043840494,4.826424753,1.822475557,virginica
7.075776369,3.176586541,5.548189781,2.162249565,virginica
6.745593533,3.187710911,5.71291733,2.412256746,virginica
6.913570672,3.105980634,5.21920322,2.355993804,virginica
5.973328384,2.724594397,5.131521662,1.932626322,virginica
6.936559707,3.247054501,6.074310611,2.368189207,virginica
6.86249544,3.384318262,5.828800254,2.542292878,virginica
6.764868077,3.063969483,5.309732554,2.330246606,virginica
6.358879547,2.557530232,5.090525364,1.911894183,virginica
6.608831972,3.039233796,5.276485254,2.021016794,virginica
6.257687532,3.417856506,5.483062234,2.350443011,virginica
6.065187933,3.072762199,5.128175885,1.843659586,virginica
5.028805477,3.47054663,1.396505449,0.197877454,setosa
4.81082987,2.943730314,1.379651553,0.197860369,setosa
4.639170732,3.188396633,1.289862221,0.199328463,setosa
4.544024487,3.025412752,1.464667814,0.198412652,setosa
4.934617572,3.598181827,1.37701542,0.19536613,setosa
5.386344736,3.895246399,1.688299466,0.395593845,setosa
4.561088362,3.356867827,1.393154333,0.291391569,setosa
4.86159884,3.318749061,1.481901011,0.198708712,setosa
4.289911287,2.814879401,1.397686152,0.198403372,setosa
4.808190357,3.009803966,1.495208816,0.097417859,setosa
5.354839348,3.699315825,1.466456667,0.194855983,setosa
4.784188543,3.341386757,1.564133297,0.195871151,setosa
4.735260658,2.95280654,1.397205214,0.097823374,setosa
4.201891413,2.964628654,1.099631087,0.099993655,setosa
5.62888445,3.951317902,1.184326852,0.194401095,setosa
5.582647641,4.389456531,1.470235665,0.398653831,setosa
5.247954359,3.812991157,1.270808349,0.396785562,setosa
4.953025971,3.457261894,1.372748464,0.295240601,setosa
5.567716463,3.729495888,1.695986036,0.298425987,setosa
4.976204695,3.734412472,1.476630873,0.296459748,setosa
5.333102849,3.323718716,1.653977097,0.19532903,setosa
4.97583618,3.674458429,1.497069098,0.389627891,setosa
4.473261547,3.517425562,0.996007045,0.197769134,setosa
4.982704788,3.26660343,1.688852779,0.487753524,setosa
4.744263966,3.350403671,1.868090582,0.199111785,setosa
4.989295464,2.993433426,1.563017611,0.194227087,setosa
4.923946792,3.331826164,1.586445918,0.394803085,setosa
5.129255023,3.398102843,1.455356029,0.19693962,setosa
5.11529403,3.309577169,1.378514335,0.198343962,setosa
4.577477857,3.18245851,1.564371545,0.194349775,setosa
4.70085867,3.026743836,1.589451905,0.197626665,setosa
5.243652818,3.347167371,1.49258419,0.391953177,setosa
5.065001934,4.09607684,1.479386701,0.097151771,setosa
5.439976025,4.085201628,1.395518972,0.199850293,setosa
4.862219602,3.071942032,1.491311537,0.09873977,setosa
4.882331358,3.164520434,1.169584831,0.196169192,setosa
5.400055857,3.499174255,1.282604412,0.19533708,setosa
4.806762451,3.065813656,1.483677027,0.098171766,setosa
4.368392254,2.921203042,1.272291828,0.195815132,setosa
5.078063504,3.368895419,1.495746784,0.197286974,setosa
4.852498141,3.43177921,1.294959342,0.295029335,setosa
4.458002337,2.268018439,1.290113799,0.293164326,setosa
4.340520176,3.142368335,1.298021429,0.19726331,setosa
4.892421976,3.426169498,1.560434556,0.591612938,setosa
5.056288286,3.794726847,1.87213511,0.396603531,setosa
4.664895341,2.951693779,1.37927047,0.295801193,setosa
5.093477917,3.701866269,1.583383565,0.199980861,setosa
4.525724841,3.187829557,1.388535572,0.194139947,setosa
5.277584191,3.613947066,1.456895579,0.196929613,setosa
4.861644207,3.218201087,1.365190945,0.195627278,setosa
6.867968347,3.114405373,4.598474817,1.370920717,versicolor
6.223922754,3.128394865,4.423613926,1.492944417,versicolor
6.889013866,3.058861504,4.822828342,1.499411893,versicolor
5.407218285,2.252288447,3.981308868,1.263934723,versicolor
6.463380265,2.755360282,4.553299624,1.467537103,versicolor
5.690045269,2.721133815,4.367330636,1.274187563,versicolor
6.240924874,3.207937192,4.696067856,1.595444243,versicolor
4.85029659,2.337179257,3.286612779,0.992477727,versicolor
6.450945691,2.860362502,4.504421837,1.29256682,versicolor
5.193994118,2.67469714,3.88771159,1.370490782,versicolor
4.932477258,1.990980334,3.439070876,0.996537596,versicolor
5.778386334,2.995310829,4.086088281,1.455135696,versicolor
5.892645318,2.160264489,3.882901367,0.97724271,versicolor
6.065324549,2.888933993,4.643862382,1.385899141,versicolor
5.522369449,2.868337664,3.555073649,1.276703618,versicolor
6.555668945,3.06956892,4.294550082,1.364509166,versicolor
5.574593137,2.959120988,4.497303334,1.482503557,versicolor
5.675953771,2.6437725,4.02347514,0.988623167,versicolor
6.087029886,2.189780213,4.372207466,1.460330201,versicolor
5.444679417,2.42546803,3.791844252,1.07283009,versicolor
5.875010646,3.126317359,4.785746078,1.781174259,versicolor
6.089800162,2.749378011,3.908128866,1.296177116,versicolor
6.13143789,2.485149585,4.778919401,1.475318108,versicolor
5.935823918,2.716468955,4.64603763,1.170323365,versicolor
6.368860452,2.897246006,4.287600475,1.291837619,versicolor
6.468094292,2.921906715,4.278018643,1.366016423,versicolor
6.656312639,2.747013794,4.77380252,1.361533313,versicolor
6.698996975,2.980215566,4.980090266,1.660833976,versicolor
5.935402069,2.835081061,4.420416596,1.465953735,versicolor
5.594078146,2.553626011,3.481919904,0.990911929,versicolor
5.443438116,2.339289041,3.759557732,1.090850585,versicolor
5.478085532,2.357736167,3.687176669,0.976381458,versicolor
5.77656736,2.634487893,3.858801659,1.185345056,versicolor
5.970941728,2.646302563,4.968446806,1.57356754,versicolor
5.334734696,2.926228963,4.463431958,1.47891076,versicolor
5.852253302,3.355594815,4.400902069,1.580690032,versicolor
6.677640109,3.032001857,4.564427051,1.490829752,versicolor
6.192854075,2.242655189,4.361797083,1.277917297,versicolor
5.585051518,2.993278341,4.014676114,1.263258852,versicolor
5.436287252,2.464653022,3.906362653,1.274734212,versicolor
5.391915492,2.558485033,4.350966759,1.18708472,versicolor
5.995428112,2.978760094,4.467929771,1.391210986,versicolor
5.734614039,2.540695918,3.975574148,1.190504246,versicolor
4.89414663,2.245882975,3.214077442,0.972921356,versicolor
5.456085837,2.684329959,4.180416798,1.276086543,versicolor
5.681121053,2.956698826,4.158211309,1.185324008,versicolor
5.545517358,2.850055098,4.169199774,1.264203988,versicolor
6.129034657,2.877576807,4.241336151,1.28460429,versicolor
5.074451697,2.48910816,2.958467242,1.088180868,versicolor
5.587696514,2.790829336,4.048987168,1.286043471,versicolor
6.157967679,3.237475298,5.858142684,2.492192862,virginica
5.707786843,2.622639669,4.960365667,1.884309429,virginica
6.957463353,2.974046967,5.853275978,2.053719944,virginica
6.15676908,2.820455606,5.501743869,1.794546426,virginica
6.489308402,2.938435002,5.744195839,2.138007345,virginica
7.393384672,2.993162566,6.5351886,2.041900273,virginica
4.853965,2.440916087,4.492878357,1.684819104,virginica
7.173921371,2.884707631,6.207151364,1.751315875,virginica
6.617358453,2.489883023,5.626739415,1.774249529,virginica
7.100836339,3.498021522,5.982316531,2.433188412,virginica
6.311607377,3.158074729,5.061155594,1.963041571,virginica
6.267477306,2.628299392,5.190482234,1.852830682,virginica
6.717966358,2.956098743,5.365673152,2.067985877,virginica
5.553389338,2.465153453,4.962418769,1.953214349,virginica
5.757780529,2.784455694,5.008231395,2.342679125,virginica
6.219928252,3.193393943,5.296074346,2.252501358,virginica
6.333979716,2.939347587,5.378332153,1.7984314,virginica
7.586085412,3.764968979,6.67928215,2.167004845,virginica
7.471234467,2.583416581,6.851592917,2.240763789,virginica
5.910222751,2.163184404,4.927462505,1.478269997,virginica
6.762590709,3.150193767,5.615735197,2.246831148,virginica
5.446917984,2.7890108,4.895297374,1.97650695,virginica
7.553988719,2.724141111,6.623656159,1.974524929,virginica
6.289445452,2.646789045,4.771317482,1.776828352,virginica
6.610050446,3.27928833,5.554507043,2.082879674,virginica
7.182738768,3.196353255,5.949434393,1.793140998,virginica
6.077120006,2.76580169,4.718824183,1.772202568,virginica
5.964464742,2.915683893,4.757073968,1.798302511,virginica
6.220602078,2.749439037,5.49405554,2.065483381,virginica
6.990771523,2.970616949,5.703411851,1.557246617,virginica
7.237565465,2.790737909,6.080935393,1.880321984,virginica
7.734361458,3.791243745,6.29342961,1.976132935,virginica
6.2364142,2.733187614,5.483613574,2.136123273,virginica
6.250518432,2.764702443,5.087149003,1.49500725,virginica
5.944232575,2.543073614,5.461031491,1.396692166,virginica
7.539851352,2.914015813,5.917564902,2.238248786,virginica
6.21165313,3.300401232,5.598268262,2.367900216,virginica
6.26347644,3.050370972,5.476342133,1.780761688,virginica
5.983744842,2.990029013,4.761464447,1.778965347,virginica
6.736170778,3.00721068,5.243990157,2.095761202,virginica
6.500427657,3.057685929,5.487734735,2.396284568,virginica
6.898634188,3.098928933,5.051292078,2.248211191,virginica
5.715594023,2.675852538,5.097457788,1.877497453,virginica
6.726425758,3.177533703,5.8008177,2.270460063,virginica
6.553461497,3.281717596,5.55247737,2.436893758,virginica
6.546564301,2.983221524,5.181916693,2.255269613,virginica
6.141925338,2.482064468,4.878587459,1.871778722,virginica
6.365820225,2.995026841,5.060612905,1.979374716,virginica
6.157849218,3.316570056,5.366585953,2.238839366,virginica
5.827734124,2.914791479,5.045756378,1.795430431,virginica
4.959195857,3.416763887,1.387418346,0.194248668,setosa
4.834140884,2.973186177,1.360838195,0.198296974,setosa
4.532879218,3.136726897,1.251171079,0.197565748,setosa
4.496996504,3.097158254,1.483068545,0.195133734,setosa
4.967831035,3.474955658,1.377090241,0.199917278,setosa
5.235203582,3.883197491,1.698952331,0.391640602,setosa
4.542189571,3.285354345,1.391881257,0.299568663,setosa
4.954989086,3.335775168,1.494346673,0.195466096,setosa
4.374420411,2.832549165,1.35212544,0.198302277,setosa
4.825771323,3.025819816,1.475906078,0.096060903,setosa
5.253507798,3.572856819,1.488464456,0.196898705,setosa
4.715819775,3.384014888,1.564930022,0.193527858,setosa
4.689652454,2.927610089,1.359550835,0.096065463,setosa
4.216798895,2.892277327,1.081765753,0.099287314,setosa
5.791944308,3.964151865,1.170497445,0.195543225,setosa
5.595280443,4.230985538,1.475376422,0.389109063,setosa
5.355746384,3.850595698,1.275794813,0.388267187,setosa
4.904404613,3.416684397,1.355151519,0.293836716,setosa
5.621275231,3.762571585,1.663950521,0.291476007,setosa
5.020595239,3.658974631,1.492788024,0.291701406,setosa
5.201526502,3.356006728,1.692669506,0.192570223,setosa
5.060983794,3.62072263,1.445544934,0.390432326,setosa
4.421632672,3.518283686,0.984903832,0.194416773,setosa
5.034590306,3.276889184,1.653009664,0.482806904,setosa
4.630860806,3.283406361,1.838041758,0.194530996,setosa
4.980495435,2.882041004,1.58898016,0.198078729,setosa
4.837687925,3.325774756,1.58359531,0.391002497,setosa
4.99389894,3.422954506,1.44283603,0.199995716,setosa
5.102096792,3.285342101,1.398364965,0.192355884,setosa
4.639910876,3.170709163,1.561819378,0.198823129,setosa
4.614156358,3.061907245,1.585986578,0.195082127,setosa
5.288680736,3.314280261,1.481338761,0.388078307,setosa
5.013696587,3.972450333,1.475145191,0.097882705,setosa
5.346251603,4.085835533,1.395756961,0.197326091,setosa
4.749276438,3.033243036,1.471768924,0.099328475,setosa
4.80543313,3.146565376,1.196816131,0.194846256,setosa
5.483317365,3.368496142,1.289238051,0.193832104,setosa
4.885401303,3.011921208,1.488378161,0.097949243,setosa
4.341553137,2.926475652,1.27054061,0.199437928,setosa
5.054113062,3.358181094,1.494610257,0.196620381,setosa
4.976779834,3.438738073,1.261755378,0.296440155,setosa
4.383395938,2.276218226,1.252382333,0.29351624,setosa
4.28938475,3.114496398,1.268342448,0.198183278,setosa
4.906986703,3.411899369,1.569883487,0.583576552,setosa
4.932105008,3.794169366,1.828613022,0.398405271,setosa
4.785416956,2.982093822,1.361762711,0.29908983,setosa
5.077557399,3.701723076,1.595876679,0.19241758,setosa
4.493445481,3.128478318,1.353847864,0.198863213,setosa
5.13893624,3.616231717,1.445033372,0.197342869,setosa
4.965646602,3.282186729,1.369442689,0.198402708,setosa
6.975532442,3.147401673,4.530772148,1.368287643,versicolor
6.203919617,3.136230687,4.497928937,1.487350845,versicolor
6.715851882,2.998916749,4.867105197,1.471443704,versicolor
5.411762041,2.278468669,3.891051198,1.267499828,versicolor
6.404086161,2.780721142,4.466388323,1.455925578,versicolor
5.595209947,2.688345604,4.336889829,1.264457365,versicolor
6.051845453,3.254399237,4.51629138,1.597926905,versicolor
4.834503341,2.394068949,3.171934613,0.981194504,versicolor
6.486297701,2.897334803,4.442310163,1.252869661,versicolor
5.09580315,2.699368976,3.807400586,1.354119833,versicolor
4.910893975,1.93898674,3.450767667,0.965619478,versicolor
5.784577747,2.947211862,4.119277416,1.492857093,versicolor
5.907323597,2.146587732,3.97731406,0.971892472,versicolor
6.023851887,2.879946986,4.51660296,1.357685379,versicolor
5.569099909,2.78548433,3.521903821,1.275082504,versicolor
6.629286922,3.034404902,4.320999258,1.36961878,versicolor
5.52882315,2.895439306,4.386094553,1.498854725,versicolor
5.643703214,2.640523425,3.981156391,0.997624283,versicolor
6.073688287,2.177382455,4.431472337,1.490593435,versicolor
5.396320693,2.472404621,3.844859913,1.075246568,versicolor
5.831591881,3.075246713,4.780372401,1.786789247,versicolor
6.05247247,2.778227954,3.944377397,1.279395537,versicolor
6.128369167,2.495370555,4.729652968,1.45113491,versicolor
5.950626594,2.745018806,4.629546643,1.168814383,versicolor
6.164858612,2.899243375,4.253544494,1.260130922,versicolor
6.573556006,2.886245784,4.391908491,1.35930433,versicolor
6.741692408,2.743859236,4.789526516,1.347306215,versicolor
6.597138283,2.924077524,4.833347877,1.654860043,versicolor
5.852170011,2.837632163,4.408387539,1.458660263,versicolor
5.509114102,2.544083115,3.416940259,0.96591506,versicolor
5.298438699,2.391258106,3.720151032,1.082390819,versicolor
5.354699533,2.346599311,3.668473547,0.990114818,versicolor
5.737239126,2.592200259,3.899890056,1.193623557,versicolor
5.794067864,2.686396902,5.056838115,1.592476827,versicolor
5.256217797,2.922966079,4.356757752,1.459946425,versicolor
5.924629423,3.340409958,4.427809135,1.598392557,versicolor
6.464568158,3.00896549,4.645231547,1.483179147,versicolor
6.172846755,2.239663225,4.371468713,1.284943687,versicolor
5.414616123,2.98371752,3.969357245,1.26665837,versicolor
5.435954633,2.474527738,3.865244237,1.264196669,versicolor
5.451327557,2.496685134,4.309838119,1.183356868,versicolor
5.986433578,2.968821599,4.433726788,1.397534332,versicolor
5.654333533,2.542888069,3.928838079,1.189489408,versicolor
4.855535073,2.285136504,3.182584801,0.996799258,versicolor
5.583554545,2.673891934,4.140675088,1.287167339,versicolor
5.504636154,2.949201006,4.084804339,1.182830404,versicolor
5.65843753,2.842407907,4.170375559,1.299649145,versicolor
6.082036917,2.82523351,4.261135451,1.282740685,versicolor
4.916716739,2.413717538,2.99856513,1.071686371,versicolor
5.485225925,2.742834326,3.948072507,1.286504696,versicolor
6.298186751,3.184146072,5.779406045,2.490020937,virginica
5.740811142,2.614901979,4.974407118,1.860211304,virginica
6.85769145,2.942414276,5.870973841,2.090111519,virginica
6.214434329,2.796103324,5.4884482,1.795638295,virginica
6.458399437,2.928888049,5.769393109,2.124400702,virginica
7.519507931,2.930188266,6.409923813,2.084084282,virginica
4.895283237,2.444513878,4.409397672,1.660899337,virginica
7.188431358,2.823195086,6.096716109,1.754185889,virginica
6.59726368,2.496256758,5.606245921,1.78639531,virginica
6.932498082,3.569398356,6.03023511,2.475184282,virginica
6.40561452,3.143510894,5.013045052,1.967196032,virginica
6.321036707,2.645746101,5.130476024,1.862801073,virginica
6.747291547,2.959765364,5.482178158,2.033257065,virginica
5.569397811,2.415666156,4.872376427,1.986651364,virginica
5.585818843,2.698537996,5.067193908,2.34553361,virginica
6.339464676,3.130239808,5.157733171,2.227384238,virginica
6.254592758,2.880244243,5.451147768,1.7986041,virginica
7.510290714,3.746708,6.564502122,2.147037906,virginica
7.42236955,2.51297266,6.779297686,2.281416618,virginica
5.763029288,2.177971892,4.880352911,1.471100791,virginica
6.753664255,3.158409217,5.624957314,2.240927447,virginica
5.553766334,2.769915399,4.850056569,1.941284511,virginica
7.616365263,2.797875461,6.564165692,1.925559445,virginica
6.118573265,2.612050465,4.719960814,1.766839908,virginica
6.608878005,3.243972943,5.538285529,2.016735343,virginica
7.131616223,3.181361072,5.925070488,1.771964711,virginica
6.124958966,2.699558898,4.677030206,1.782405959,virginica
6.078679421,2.95624577,4.874438696,1.798903892,virginica
6.214775902,2.798262911,5.480756914,2.076869649,virginica
7.045973105,2.923749136,5.635485981,1.574286481,virginica
7.390773825,2.763368043,6.008238989,1.855005354,virginica
7.715056557,3.786371161,6.196292916,1.993321339,virginica
6.374298967,2.779023164,5.461648145,2.193359238,virginica
6.215462704,2.708429239,4.932225778,1.486546136,virginica
6.006139316,2.589197837,5.53532939,1.365649439,virginica
7.564183779,2.892389869,6.050273879,2.23673262,virginica
6.298960979,3.304218161,5.392164912,2.353827916,virginica
6.217799896,3.09935783,5.484108211,1.754264222,virginica
5.832362036,2.98841732,4.769827799,1.760341137,virginica
6.68183427,3.065871565,5.348503546,2.04698577,virginica
6.577148917,3.080974999,5.595052258,2.386665114,virginica
6.790177689,3.093152938,4.996018006,2.288148839,virginica
5.725116695,2.682326071,5.019768154,1.843346796,virginica
6.759987897,3.083133879,5.67648973,2.25780827,virginica
6.652166822,3.289027584,5.568743545,2.497444129,virginica
6.640132157,2.988035957,5.123342568,2.236042423,virginica
6.127965167,2.420894666,4.970768105,1.851093326,virginica
6.470885468,2.885183953,5.00282741,1.921551104,virginica
6.003121263,3.295539484,5.261085371,2.270092763,virginica
5.709098558,2.944607232,4.967847586,1.777424336,virginica
5.078721478,3.451109985,1.335673974,0.198471773,setosa
4.853313681,2.900134522,1.34840827,0.19468966,setosa
4.583371835,3.155833826,1.287890709,0.1916793,setosa
4.376605942,3.078668965,1.442005834,0.196459746,setosa
4.97621856,3.520543999,1.370667554,0.194464919,setosa
5.342165417,3.726309708,1.617804766,0.397091973,setosa
4.554459863,3.268217598,1.374926881,0.285451091,setosa
4.78326593,3.333266589,1.467021848,0.194096075,setosa
4.299703594,2.82255899,1.374026179,0.196615627,setosa
4.898951989,3.065653147,1.464581945,0.099562006,setosa
5.259814609,3.639853086,1.485023425,0.196561201,setosa
4.690707737,3.307895585,1.588996051,0.199163979,setosa
4.735676344,2.941662343,1.34594725,0.095938956,setosa
4.103503918,2.854568484,1.094638966,0.097514295,setosa
5.616214639,3.960469084,1.177382786,0.197277392,setosa
5.675812261,4.243288226,1.427447257,0.384977146,setosa
5.350402755,3.848289591,1.263622581,0.388808316,setosa
4.873642131,3.483169841,1.349611343,0.288900587,setosa
5.595483261,3.643920918,1.627159959,0.296469309,setosa
4.877504249,3.733192037,1.464017821,0.285634255,setosa
5.145350923,3.257926387,1.624561609,0.195482019,setosa
5.01832972,3.58195389,1.435157773,0.398303151,setosa
4.496710176,3.476376736,0.988300392,0.197516137,setosa
4.94354255,3.139849442,1.651835506,0.495160145,setosa
4.680051985,3.300708172,1.865928526,0.19515516,setosa
4.917788165,2.876844458,1.550784193,0.199331934,setosa
4.920248057,3.368269649,1.57661145,0.391035681,setosa
5.163618225,3.418993303,1.476960949,0.199017531,setosa
5.17540623,3.367070152,1.35883981,0.190140271,setosa
4.594036329,3.105448042,1.525706166,0.192918712,setosa
4.621482982,3.057149662,1.578876253,0.195847027,setosa
5.171466116,3.2436434,1.498192666,0.382484931,setosa
4.943700075,4.008137861,1.494005167,0.098926692,setosa
5.388947448,4.157824665,1.357219414,0.19672468,setosa
4.678639873,3.008526883,1.495046184,0.095514629,setosa
4.905650124,3.095705639,1.1442272,0.197107896,setosa
5.349759419,3.375360888,1.237712246,0.195881144,setosa
4.816722934,3.033038941,1.42871805,0.09827475,setosa
4.191775503,2.918672082,1.298619545,0.192125577,setosa
4.926012553,3.380261194,1.459966864,0.195829843,setosa
4.819356551,3.393498876,1.296462527,0.289556623,setosa
4.311413223,2.206320562,1.271701602,0.286775801,setosa
4.282268005,3.060061891,1.248820275,0.199258508,setosa
4.892347036,3.456183459,1.584350944,0.590141976,setosa
4.998060922,3.74965211,1.836612404,0.396915029,setosa
4.77925867,2.855425022,1.398807493,0.292198596,setosa
5.0870805,3.650016775,1.538776758,0.198704503,setosa
4.480649431,3.123096955,1.356854023,0.194081553,setosa
5.109598896,3.598602995,1.498346139,0.192210332,setosa
4.888841461,3.141044444,1.369289626,0.191232013,setosa
6.912081793,3.168603641,4.615617644,1.352703642,versicolor
6.1150895,3.153178091,4.455309749,1.43316607,versicolor
6.592376442,3.064563226,4.769898628,1.468667774,versicolor
5.482970539,2.256321706,3.93246664,1.271598494,versicolor
6.350376707,2.716412025,4.39121426,1.472817657,versicolor
5.515176964,2.77923702,4.334772799,1.287320054,versicolor
6.283093559,3.247763895,4.613609148,1.550904653,versicolor
4.831668763,2.361867379,3.29198694,0.99208249,versicolor
6.478343269,2.785539269,4.426346281,1.285366668,versicolor
5.149246007,2.65331668,3.834394196,1.372787779,versicolor
4.978526161,1.921039863,3.344884917,0.986511671,versicolor
5.726249957,2.907706942,4.001446304,1.432063346,versicolor
5.91310476,2.104097384,3.885755996,0.991841963,versicolor
5.913072739,2.860976352,4.6240028,1.382675028,versicolor
5.346641906,2.7917592,3.514911872,1.253582309,versicolor
6.509905541,3.084509144,4.238966552,1.337639936,versicolor
5.508058594,2.991577723,4.35467528,1.464458416,versicolor
5.723648827,2.580756922,3.910486247,0.984661346,versicolor
6.190765903,2.117118857,4.277153197,1.482998752,versicolor
5.468922372,2.405109076,3.782722735,1.057346913,versicolor
5.752019487,3.086664109,4.581610435,1.719512355,versicolor
6.038379784,2.746478802,3.855329561,1.28354133,versicolor
5.988234992,2.456065502,4.886040383,1.440559121,versicolor
5.85714046,2.759605934,4.4990642,1.162940333,versicolor
6.316418046,2.842910651,4.099614364,1.258349744,versicolor
6.519262701,2.999658061,4.2681685,1.379745975,versicolor
6.510631009,2.699234732,4.585226597,1.3357428,versicolor
6.533690978,2.880580186,4.993851534,1.636449842,versicolor
5.738603028,2.830854812,4.390548531,1.451526363,versicolor
5.50833658,2.487479012,3.370640154,0.955704869,versicolor
5.31825123,2.285329295,3.789947097,1.053766204,versicolor
5.256342638,2.294369985,3.672659416,0.968655388,versicolor
5.53316799,2.616927221,3.782582788,1.150570921,versicolor
5.72168288,2.647874864,5.04429695,1.556535104,versicolor
5.38092412,2.988178532,4.454494594,1.464620882,versicolor
5.703333376,3.38508878,4.355715537,1.594573858,versicolor
6.586754372,3.074039197,4.671488761,1.44461583,versicolor
6.116098753,2.202994137,4.287352657,1.242076119,versicolor
5.582010529,2.971199109,3.915161556,1.278856841,versicolor
5.285509782,2.469751919,3.851485367,1.298545022,versicolor
5.486984056,2.593995037,4.210091267,1.145412458,versicolor
6.013965094,2.919703819,4.491904198,1.336853532,versicolor
5.608362253,2.584042259,3.848546628,1.180249161,versicolor
4.976369536,2.241296034,3.212547729,0.976176058,versicolor
5.401216279,2.625706245,4.00167814,1.295862755,versicolor
5.609584507,2.865374204,4.071695609,1.165199978,versicolor
5.587435487,2.878984382,4.069612705,1.235617146,versicolor
5.900733721,2.876783903,4.157758083,1.25516355,versicolor
4.933229884,2.48127645,2.957522183,1.079343292,versicolor
5.486746741,2.681867089,4.051822807,1.283661163,versicolor
6.021553671,3.20939767,5.708458667,2.462155401,virginica
5.630126494,2.691162195,5.062946909,1.874929315,virginica
6.747703769,2.938182479,5.719913128,2.039310432,virginica
6.076681061,2.784058899,5.593825033,1.728154664,virginica
6.456420135,2.980828637,5.676930758,2.198364715,virginica
7.519227402,2.886321399,6.557679144,2.025905302,virginica
4.768817625,2.406184457,4.475041314,1.646429417,virginica
7.000882144,2.823089729,6.166577555,1.797600666,virginica
6.689300048,2.388049739,5.53336974,1.729531514,virginica
6.879934417,3.459917969,6.026017701,2.444829133,virginica
6.215303676,3.152599117,4.912119215,1.979969266,virginica
6.262485437,2.616407554,5.192156107,1.81006425,virginica
6.570666023,2.911396237,5.391361898,1.997703964,virginica
5.614343809,2.388298187,4.900158084,1.959882747,virginica
5.763256242,2.721923527,5.029649515,2.319527804,virginica
6.339206576,3.040077586,5.181017302,2.213174681,virginica
6.469582444,2.942541123,5.435225082,1.754970837,virginica
7.355962105,3.742000052,6.633635791,2.115057264,virginica
7.679489588,2.546270913,6.818158751,2.189729569,virginica
5.908150084,2.192146584,4.905362575,1.428906317,virginica
6.661216806,3.108333068,5.459980984,2.279022225,virginica
5.400284281,2.766375798,4.66746361,1.940138387,virginica
7.615182599,2.684341528,6.481187355,1.998573199,virginica
6.193699002,2.640570411,4.752050397,1.721083417,virginica
6.443996495,3.247685032,5.68243718,2.055907751,virginica
7.089701683,3.166287439,5.840863722,1.727763523,virginica
5.94696796,2.739854453,4.698844846,1.749191628,virginica
5.937200823,2.948274557,4.692114844,1.760732621,virginica
6.350400608,2.737328258,5.422464787,2.072813553,virginica
7.181885031,2.940339428,5.687525289,1.581952856,virginica
7.132165914,2.744474674,6.004545193,1.818668087,virginica
7.813559482,3.722652815,6.321080023,1.968525661,virginica
6.302043611,2.722422859,5.530620675,2.123973857,virginica
5.996468913,2.710942979,4.956861884,1.425491918,virginica
5.857125312,2.499084753,5.328365363,1.344264772,virginica
7.367436787,2.910514809,6.067950744,2.277303482,virginica
6.144410381,3.374520185,5.545328805,2.303579474,virginica
6.263082569,3.054605568,5.373198493,1.742494278,virginica
5.890959559,2.875216128,4.745423416,1.752243613,virginica
6.729430617,2.983269152,5.284314108,2.081253386,virginica
6.484040834,3.044124735,5.448734559,2.298398259,virginica
6.738839287,2.957457379,4.8715923,2.295078504,virginica
5.652936038,2.617858586,4.883994093,1.861663694,virginica
6.67137056,3.086316465,5.826606077,2.230196591,virginica
6.558482718,3.136469282,5.484010314,2.482484439,virginica
6.574746553,2.970943491,5.034166221,2.269705834,virginica
6.195084909,2.471160955,4.990642768,1.823922117,virginica
6.479608283,2.937354031,4.978550478,1.995884669,virginica
6.082820858,3.311233671,5.320524627,2.293738914,virginica
5.63210874,2.891995121,4.934059163,1.780993165,virginica
